<?xml version="1.0" encoding="UTF-8"?>
<project-private xmlns="http://www.netbeans.org/ns/project-private/1">
    <editor-bookmarks xmlns="http://www.netbeans.org/ns/editor-bookmarks/2" lastBookmarkId="0"/>
    <open-files xmlns="http://www.netbeans.org/ns/projectui-open-files/2">
        <group>
            <file>file:/D:/nodejs_project/p_7a/node_modules/_template3/template_compile/split_tag/splitAction.js</file>
            <file>file:/D:/nodejs_project/p_7a/template/action_1.jsp</file>
            <file>file:/D:/nodejs_project/p_7a/template/action_1e.jsp</file>
            <file>file:/D:/nodejs_project/p_7a/node_modules/_template3/template_compile/compile.js</file>
            <file>file:/D:/nodejs_project/p_7a/test/template_test/server/server_1.js</file>
            <file>file:/D:/nodejs_project/p_7a/node_modules/_template3/template_compile/split_tag.js</file>
            <file>file:/D:/nodejs_project/p_7a/template/action_1c.jsp</file>
            <file>file:/D:/nodejs_project/p_7a/template/action_1d.jsp</file>
            <file>file:/D:/nodejs_project/p_7a/test/template_test/server/file.txt</file>
            <file>file:/D:/nodejs_project/p_7a/node_modules/_template3/tool.js</file>
            <file>file:/D:/nodejs_project/p_7a/node_modules/_template3/template_compile/split_tag/splitJs.js</file>
        </group>
    </open-files>
</project-private>
