<?xml version="1.0" encoding="UTF-8"?>
<project-private xmlns="http://www.netbeans.org/ns/project-private/1">
    <editor-bookmarks xmlns="http://www.netbeans.org/ns/editor-bookmarks/2" lastBookmarkId="0"/>
    <open-files xmlns="http://www.netbeans.org/ns/projectui-open-files/2">
        <group>
            <file>file:/D:/nodejs_project/p_7a/test/template_test/template_t3.js</file>
            <file>file:/D:/nodejs_project/p_7a/template/action_1.jsp</file>
            <file>file:/D:/nodejs_project/p_7a/template/action_1b.jsp</file>
            <file>file:/D:/nodejs_project/p_7a/template/action_1c.jsp</file>
            <file>file:/D:/nodejs_project/p_7a/template/action_1d.jsp</file>
            <file>file:/D:/nodejs_project/p_7a/template/action_1a.jsp</file>
        </group>
    </open-files>
</project-private>
